{
    "model_type": "XGBoost",
    "training_rows": 800,
    "features": [
        "feature_0",
        "feature_1",
        "feature_2",
        "feature_3",
        "feature_4",
        "feature_5",
        "feature_6",
        "feature_7",
        "feature_8",
        "feature_9",
        "feature_10",
        "feature_11",
        "feature_12",
        "feature_13",
        "feature_14",
        "feature_15",
        "feature_16",
        "feature_17",
        "feature_18",
        "feature_19"
    ],
    "best_params": {
        "n_estimators": 500,
        "learning_rate": 0.05,
        "max_depth": 3,
        "subsample": 0.8,
        "colsample_bytree": 0.9
    },
    "cv_rmse": 1.9496858494216451,
    "trained_at": "2026-02-28T17:03:32.734913",
    "feature_stats": {
        "feature_0": {
            "count": 800.0,
            "mean": 468.1816123243607,
            "std": 270.7974146815718,
            "min": 0.9166477902868664,
            "25%": 239.33013972363477,
            "50%": 477.7506198118872,
            "75%": 704.6502916689567,
            "max": 940.7715434094588
        },
        "feature_1": {
            "count": 800.0,
            "mean": 301.96021770739094,
            "std": 170.69113612711251,
            "min": 0.8001192080020154,
            "25%": 157.33824383384817,
            "50%": 303.25717588706533,
            "75%": 448.87817438354176,
            "max": 595.3598584280867
        },
        "feature_2": {
            "count": 800.0,
            "mean": 317.1329958317972,
            "std": 176.50191970411197,
            "min": 0.1730245183308915,
            "25%": 167.51631785356824,
            "50%": 326.31019426593446,
            "75%": 474.48447240266717,
            "max": 614.2716315240918
        },
        "feature_3": {
            "count": 800.0,
            "mean": 283.21345561340985,
            "std": 157.69821520821617,
            "min": 0.3088231097183111,
            "25%": 151.30282563870713,
            "50%": 294.5744027229184,
            "75%": 415.8061622183371,
            "max": 549.8962158892078
        },
        "feature_4": {
            "count": 800.0,
            "mean": 485.9759498420839,
            "std": 272.5940304168781,
            "min": 0.5985273746132904,
            "25%": 250.3053622374808,
            "50%": 493.47048563598594,
            "75%": 720.7476715956958,
            "max": 950.0174441751996
        },
        "feature_5": {
            "count": 800.0,
            "mean": 320.9538592877941,
            "std": 185.157189226941,
            "min": 0.9973474962179658,
            "25%": 158.37460983930922,
            "50%": 328.7224643167219,
            "75%": 480.0765594593224,
            "max": 638.1998322465748
        },
        "feature_6": {
            "count": 800.0,
            "mean": 217.1363304913996,
            "std": 123.66069146370991,
            "min": 0.4024360588379294,
            "25%": 106.8766249689142,
            "50%": 217.09809028595373,
            "75%": 327.4113338507499,
            "max": 426.30825066918703
        },
        "feature_7": {
            "count": 800.0,
            "mean": 387.19628917929293,
            "std": 235.13137551793963,
            "min": 0.4748247288815673,
            "25%": 195.03785313857878,
            "50%": 364.1242383645219,
            "75%": 588.5650166681418,
            "max": 809.346791761204
        },
        "feature_8": {
            "count": 800.0,
            "mean": 179.48545338556744,
            "std": 104.0593094597041,
            "min": 0.7278495835593694,
            "25%": 94.22027339519731,
            "50%": 173.3647709929757,
            "75%": 268.7904589547566,
            "max": 367.0847548341775
        },
        "feature_9": {
            "count": 800.0,
            "mean": 196.00305840271466,
            "std": 111.04267068235445,
            "min": 0.2642525958406914,
            "25%": 95.0523589447281,
            "50%": 199.58704810061874,
            "75%": 291.54664199540076,
            "max": 384.9191076830029
        },
        "feature_10": {
            "count": 800.0,
            "mean": 401.07969582809557,
            "std": 228.53357919968968,
            "min": 1.48760457593635,
            "25%": 200.47898128709522,
            "50%": 413.8064169702569,
            "75%": 614.0420963665207,
            "max": 767.3110893969105
        },
        "feature_11": {
            "count": 800.0,
            "mean": 3.372666907177302,
            "std": 1.986369326949791,
            "min": 0.0044636710989932,
            "25%": 1.630150205359508,
            "50%": 3.3494965211536787,
            "75%": 5.024192076167329,
            "max": 6.859269090085071
        },
        "feature_12": {
            "count": 800.0,
            "mean": 479.8419151257536,
            "std": 276.30419740490225,
            "min": 1.706239995552234,
            "25%": 249.56025988771864,
            "50%": 468.5368878630668,
            "75%": 713.2911359076638,
            "max": 979.7150629181524
        },
        "feature_13": {
            "count": 800.0,
            "mean": 100.11209591722742,
            "std": 59.14979407623444,
            "min": 0.1943063803285433,
            "25%": 48.132938814826176,
            "50%": 100.24782716276434,
            "75%": 149.966754810226,
            "max": 203.1222918841493
        },
        "feature_14": {
            "count": 800.0,
            "mean": 28.3347245122054,
            "std": 16.105154512741073,
            "min": 0.2223122829141028,
            "25%": 14.66043673806778,
            "50%": 27.95314622035797,
            "75%": 42.51415541860335,
            "max": 56.46748522301659
        },
        "feature_15": {
            "count": 800.0,
            "mean": 277.2059987194012,
            "std": 167.385929657692,
            "min": 1.726914654434065,
            "25%": 131.51656718104783,
            "50%": 275.95081399176075,
            "75%": 423.11044606121555,
            "max": 566.6115088995475
        },
        "feature_16": {
            "count": 800.0,
            "mean": 91.21761539155086,
            "std": 53.95052323568569,
            "min": 0.0937886081329804,
            "25%": 44.35796965713429,
            "50%": 87.48434286779504,
            "75%": 137.88801757857354,
            "max": 187.04125618716284
        },
        "feature_17": {
            "count": 800.0,
            "mean": 70.92712864249219,
            "std": 40.58890503913874,
            "min": 0.072986146845983,
            "25%": 34.903031087706815,
            "50%": 74.4296753891768,
            "75%": 105.48496061861806,
            "max": 138.67538894713374
        },
        "feature_18": {
            "count": 800.0,
            "mean": 27.385266244140908,
            "std": 15.509061959385525,
            "min": 0.1017611543912234,
            "25%": 13.81529787876089,
            "50%": 27.76611141114041,
            "75%": 40.40293811616677,
            "max": 53.25473955367367
        },
        "feature_19": {
            "count": 800.0,
            "mean": 457.0164072643112,
            "std": 270.6501462199585,
            "min": 0.252919316588692,
            "25%": 221.27079154797298,
            "50%": 462.1534973980189,
            "75%": 688.3523733472259,
            "max": 935.740775020394
        }
    }
}